episode_id,map_id,preset,policy0,policy1,swap,first,winner,score0,score1,lives0,lives1,steps,reason,actions0,actions1,time0,time1
intermediate-m000-p0-s0-f0,intermediate-test-m000,intermediate,B1,B2,0,0,0,5,2,3,2,61,diamonds_collected,31,30,0.031071300014446024,0.038899399994988926
intermediate-m000-p0-s0-f1,intermediate-test-m000,intermediate,B1,B2,0,1,0,5,2,3,3,62,diamonds_collected,31,31,0.020276999988709576,0.012213099988002796
intermediate-m000-p0-s1-f0,intermediate-test-m000,intermediate,B1,B2,1,0,1,2,5,3,3,66,diamonds_collected,33,33,0.03686749999906169,0.0287489999900572
intermediate-m000-p0-s1-f1,intermediate-test-m000,intermediate,B1,B2,1,1,1,2,5,3,3,65,diamonds_collected,32,33,0.014653799975349102,0.009203499983414076
intermediate-m000-p1-s0-f0,intermediate-test-m000,intermediate,B1,L_v2_initial,0,0,0,5,2,3,3,61,diamonds_collected,31,30,0.008716900018043816,0.014430499984882772
intermediate-m000-p1-s0-f1,intermediate-test-m000,intermediate,B1,L_v2_initial,0,1,0,5,2,3,3,62,diamonds_collected,31,31,0.011513599958561826,0.009739300003275275
intermediate-m000-p1-s1-f0,intermediate-test-m000,intermediate,B1,L_v2_initial,1,0,1,2,5,2,3,70,diamonds_collected,35,35,0.03276670000195736,0.020315600020694546
intermediate-m000-p1-s1-f1,intermediate-test-m000,intermediate,B1,L_v2_initial,1,1,1,2,5,2,3,69,diamonds_collected,34,35,0.009444500021345448,0.01092830000561662
intermediate-m000-p2-s0-f0,intermediate-test-m000,intermediate,B2,L_v2_initial,0,0,0,5,2,3,3,65,diamonds_collected,33,32,0.012711600000329781,0.013022599974647164
intermediate-m000-p2-s0-f1,intermediate-test-m000,intermediate,B2,L_v2_initial,0,1,0,5,2,3,3,66,diamonds_collected,33,33,0.008939599982113577,0.009989400023187045
intermediate-m000-p2-s1-f0,intermediate-test-m000,intermediate,B2,L_v2_initial,1,0,1,2,5,2,3,70,diamonds_collected,35,35,0.009473999991314486,0.011032800022803713
intermediate-m000-p2-s1-f1,intermediate-test-m000,intermediate,B2,L_v2_initial,1,1,1,2,5,2,3,69,diamonds_collected,34,35,0.009225900001183618,0.01106160000199452
intermediate-m000-p3-s0-f0,intermediate-test-m000,intermediate,B1,L_v2,0,0,0,5,2,3,3,61,diamonds_collected,31,30,0.015565900001092814,0.028285899992624763
intermediate-m000-p3-s0-f1,intermediate-test-m000,intermediate,B1,L_v2,0,1,0,5,2,3,3,62,diamonds_collected,31,31,0.016406600007030647,0.009895500013954006
intermediate-m000-p3-s1-f0,intermediate-test-m000,intermediate,B1,L_v2,1,0,1,2,5,2,3,70,diamonds_collected,35,35,0.009884500002954155,0.011228000003029592
intermediate-m000-p3-s1-f1,intermediate-test-m000,intermediate,B1,L_v2,1,1,1,2,5,2,3,69,diamonds_collected,34,35,0.0099422999919625,0.01160529998014681
intermediate-m000-p4-s0-f0,intermediate-test-m000,intermediate,B2,L_v2,0,0,0,5,2,3,3,65,diamonds_collected,33,32,0.022345600023982115,0.03282800002489239
intermediate-m000-p4-s0-f1,intermediate-test-m000,intermediate,B2,L_v2,0,1,0,5,2,3,3,66,diamonds_collected,33,33,0.015407300008519087,0.010532600019359961
intermediate-m000-p4-s1-f0,intermediate-test-m000,intermediate,B2,L_v2,1,0,1,2,5,2,3,70,diamonds_collected,35,35,0.009434499981580302,0.011071300010371488
intermediate-m000-p4-s1-f1,intermediate-test-m000,intermediate,B2,L_v2,1,1,1,2,5,2,3,69,diamonds_collected,34,35,0.009207400005834643,0.010906800016527995
intermediate-m000-p5-s0-f0,intermediate-test-m000,intermediate,B0,L_v2,0,0,1,0,2,0,0,116,no_survivors,74,42,0.05581579998397501,0.01744709999184124
intermediate-m000-p5-s0-f1,intermediate-test-m000,intermediate,B0,L_v2,0,1,1,0,7,1,3,117,diamonds_collected,58,59,0.06821289999061264,0.030994799999461975
intermediate-m000-p5-s1-f0,intermediate-test-m000,intermediate,B0,L_v2,1,0,1,0,7,3,3,126,diamonds_collected,63,63,0.07632169994758442,0.020921399991493672
intermediate-m000-p5-s1-f1,intermediate-test-m000,intermediate,B0,L_v2,1,1,1,0,7,2,3,125,diamonds_collected,62,63,0.05462700000498444,0.02979849999246653
expert-m000-p0-s0-f0,expert-test-m000,expert,B1,B2,0,0,draw,5,5,0,0,147,no_survivors,70,77,0.1301738999900408,0.15324889997282298
expert-m000-p0-s0-f1,expert-test-m000,expert,B1,B2,0,1,draw,5,5,0,0,147,no_survivors,70,77,0.053514900035224855,0.057346900073753204
expert-m000-p0-s1-f0,expert-test-m000,expert,B1,B2,1,0,draw,5,5,0,0,147,no_survivors,77,70,0.0257979000089108,0.023377099925710354
expert-m000-p0-s1-f1,expert-test-m000,expert,B1,B2,1,1,draw,5,5,0,0,147,no_survivors,77,70,0.025997400036430918,0.02350909997767303
expert-m000-p1-s0-f0,expert-test-m000,expert,B1,L_v2_initial,0,0,draw,5,5,0,0,147,no_survivors,70,77,0.024345199977688026,0.036572900018654764
expert-m000-p1-s0-f1,expert-test-m000,expert,B1,L_v2_initial,0,1,draw,5,5,0,0,147,no_survivors,70,77,0.03608950002671918,0.0516204999803449
expert-m000-p1-s1-f0,expert-test-m000,expert,B1,L_v2_initial,1,0,draw,5,5,0,0,150,no_survivors,80,70,0.10553090001485543,0.053375400028016884
expert-m000-p1-s1-f1,expert-test-m000,expert,B1,L_v2_initial,1,1,draw,5,5,0,0,150,no_survivors,80,70,0.06617120001465082,0.05284620000747964
expert-m000-p2-s0-f0,expert-test-m000,expert,B2,L_v2_initial,0,0,draw,5,5,0,0,147,no_survivors,70,77,0.024065699988568667,0.0287345000251662
expert-m000-p2-s0-f1,expert-test-m000,expert,B2,L_v2_initial,0,1,draw,5,5,0,0,147,no_survivors,70,77,0.025718600023537874,0.0313277000313974
expert-m000-p2-s1-f0,expert-test-m000,expert,B2,L_v2_initial,1,0,draw,5,5,0,0,150,no_survivors,80,70,0.028056799987098202,0.02730600000359118
expert-m000-p2-s1-f1,expert-test-m000,expert,B2,L_v2_initial,1,1,draw,5,5,0,0,150,no_survivors,80,70,0.02719420003995765,0.026196000042546075
expert-m000-p3-s0-f0,expert-test-m000,expert,B1,L_v2,0,0,draw,5,5,0,0,145,no_survivors,70,75,0.028784199952497147,0.028386200043314602
expert-m000-p3-s0-f1,expert-test-m000,expert,B1,L_v2,0,1,draw,5,5,0,0,147,no_survivors,70,77,0.023829700017813593,0.02918280001176754
expert-m000-p3-s1-f0,expert-test-m000,expert,B1,L_v2,1,0,draw,5,5,0,0,147,no_survivors,77,70,0.02866029998403974,0.02899629998137243
expert-m000-p3-s1-f1,expert-test-m000,expert,B1,L_v2,1,1,draw,5,5,0,0,147,no_survivors,77,70,0.026016099996923003,0.02629989999695681
expert-m000-p4-s0-f0,expert-test-m000,expert,B2,L_v2,0,0,draw,5,5,0,0,145,no_survivors,70,75,0.024317899980815127,0.02837429998908192
expert-m000-p4-s0-f1,expert-test-m000,expert,B2,L_v2,0,1,draw,5,5,0,0,147,no_survivors,70,77,0.02448509997338988,0.029709800008276943
expert-m000-p4-s1-f0,expert-test-m000,expert,B2,L_v2,1,0,draw,5,5,0,0,147,no_survivors,77,70,0.025484900041192304,0.025771800028451253
expert-m000-p4-s1-f1,expert-test-m000,expert,B2,L_v2,1,1,draw,5,5,0,0,147,no_survivors,77,70,0.02696080002351664,0.027472199988551438
expert-m000-p5-s0-f0,expert-test-m000,expert,B0,L_v2,0,0,1,0,7,0,0,214,no_survivors,120,94,0.194468800087634,0.046094500001345295
expert-m000-p5-s0-f1,expert-test-m000,expert,B0,L_v2,0,1,1,0,7,0,0,211,no_survivors,117,94,0.11221870006556856,0.060664799973892514
expert-m000-p5-s1-f0,expert-test-m000,expert,B0,L_v2,1,0,1,0,5,0,0,102,no_survivors,44,58,0.07478740000078687,0.07636409998667659
expert-m000-p5-s1-f1,expert-test-m000,expert,B0,L_v2,1,1,1,0,5,0,0,90,no_survivors,32,58,0.015358399992692284,0.03954300003533717
